﻿<?xml version="1.0" encoding="utf-8" ?>
<c2eventsheet>
    <!--All the 'name' attributes are ignored by Construct 2 - they are there for readability only.-->
    <name>game_events</name>
    <events>
        <variable comment="Tempo disponível" constant="0" name="var_timer" sid="583280112843168" static="0" type="number">200</variable>
        <variable comment="Quantas Alavancastem na fase" constant="0" name="var_switches" sid="796585745846102" static="0" type="number">1</variable>
        <variable comment="Tempo de carregamento" constant="0" name="var_fire_rate" sid="592563408934146" static="0" type="number">0.5</variable>
        <event-group description="Ações do Sistema" sid="190903624499482" title="System">
            <sub-events>
                <event-group description="A todo o momento reduz o tempo" sid="481214127594943" title="Timer">
                    <sub-events>
                        <comment>Substrai 1 de tempo a cada 1 segundo</comment>
                        <event-block sid="641107725527222">
                            <conditions>
                                <condition id="-6" name="Every X seconds" sid="950384514650580" type="System">
                                    <param id="0" name="Interval (seconds)">1.0</param>
                                </condition>
                                <condition id="-14" name="Compare variable" sid="348653226750983" type="System">
                                    <param id="0" name="Variable">var_timer</param>
                                    <param id="1" name="Comparison">4</param>
                                    <param id="2" name="Value">0</param>
                                </condition>
                            </conditions>
                            <actions>
                                <action id="-11" name="Subtract from" sid="350665886863516" type="System">
                                    <param id="0" name="Variable">var_timer</param>
                                    <param id="1" name="Value">1</param>
                                </action>
                            </actions>
                        </event-block>
                        <comment>Quando acaba o tempo, reinicia o layout</comment>
                        <event-block sid="578927316689066">
                            <conditions>
                                <condition id="-14" name="Compare variable" sid="843402616119532" type="System">
                                    <param id="0" name="Variable">var_timer</param>
                                    <param id="1" name="Comparison">3</param>
                                    <param id="2" name="Value">0</param>
                                </condition>
                            </conditions>
                            <actions>
                                <action id="-21" name="Reset global variables" sid="839154343982506" type="System" />
                                <action id="-26" name="Restart layout" sid="579021678001199" type="System" />
                            </actions>
                        </event-block>
                    </sub-events>
                </event-group>
                <event-group description="Ao iniciar a fase" sid="486021835025262" title="Start of Layout">
                    <sub-events>
                        <comment>Inicia a quantidade de switches da fase</comment>
                        <event-block sid="603758787048337">
                            <conditions>
                                <condition id="-2" name="On start of layout" sid="374624173883158" type="System" />
                            </conditions>
                            <actions>
                                <action id="-9" name="Set value" sid="440100371606217" type="System">
                                    <param id="0" name="Variable">var_switches</param>
                                    <param id="1" name="Value">obj_switch.Count</param>
                                </action>
                            </actions>
                        </event-block>
                    </sub-events>
                </event-group>
                <event-group description="A todo momento" sid="289802955898756" title="Every Tick">
                    <sub-events>
                        <comment>posiciona a animação em cima da caixa verde</comment>
                        <comment>Atualiza a animação do jogador</comment>
                        <comment>A largura da barra da vida varia conforme a vida do jogador</comment>
                        <comment>A camera fica em cima da cabeça do jogador sempre</comment>
                        <comment>Atualiza o tempo na tela</comment>
                        <event-block sid="682674393581686">
                            <conditions>
                                <condition id="-1" name="Every tick" sid="616010185542787" type="System" />
                            </conditions>
                            <actions>
                                <action id="-3" name="Set position" sid="876648216297206" type="obj_player_animation">
                                    <param id="0" name="X">obj_player.X</param>
                                    <param id="1" name="Y">obj_player.Y</param>
                                </action>
                                <action id="4" name="Set animation" sid="192673079834700" type="obj_player_animation">
                                    <param id="0" name="Animation">&quot;ID_&quot; &amp; obj_player_animation.inst_state</param>
                                    <param id="1" name="From">1</param>
                                </action>
                                <action id="-5" name="Set width" sid="654148051559458" type="gui_health_bar">
                                    <param id="0" name="Width">obj_player_animation.inst_health * 4</param>
                                </action>
                                <action id="-3" name="Set position" sid="358261484722881" type="obj_camera">
                                    <param id="0" name="X">lerp(obj_camera.X, obj_player_animation.X, 4 * dt)</param>
                                    <param id="1" name="Y">lerp(obj_camera.Y, obj_player_animation.Y - 200, 4 * dt)</param>
                                </action>
                                <action id="0" name="Set text" sid="372675412881573" type="txt_timer">
                                    <param id="0" name="Text">var_timer</param>
                                </action>
                            </actions>
                        </event-block>
                    </sub-events>
                </event-group>
                <event-group description="Passar de fase" sid="408681051421158" title="Next Level">
                    <sub-events>
                        <comment>Passa de fase se a porta estiver aberta</comment>
                        <event-block sid="748597751097547">
                            <conditions>
                                <condition id="0" name="On collision with another object" sid="628925301953432" type="obj_player_animation">
                                    <param id="0" name="Object">obj_door</param>
                                </condition>
                                <condition id="3" name="Compare frame" sid="772458045485169" type="obj_door">
                                    <param id="0" name="Comparison">0</param>
                                    <param id="1" name="Number">1</param>
                                </condition>
                            </conditions>
                            <actions>
                                <action id="-43" name="Go to next/previous layout" sid="522954717937357" type="System">
                                    <param id="0" name="Which">0</param>
                                </action>
                            </actions>
                        </event-block>
                    </sub-events>
                </event-group>
            </sub-events>
        </event-group>
        <event-group description="Ações do jogador" sid="889209383269785" title="Player">
            <sub-events>
                <event-group description="Relacionado a vida" sid="297868277745624" title="Life">
                    <sub-events>
                        <event-group description="Quando o jogador morre" sid="922852914694121" title="Death">
                            <sub-events>
                                <comment>Quando o player não tem mais vida</comment>
                                <comment>Ele é destruído, esperamos 2 segundos e reiniciamos o jogo</comment>
                                <event-block sid="579990788743919">
                                    <conditions>
                                        <condition id="-7" name="Compare instance variable" sid="841863443994877" type="obj_player_animation">
                                            <param id="0" name="Instance variable">inst_health</param>
                                            <param id="1" name="Comparison">3</param>
                                            <param id="2" name="Value">0</param>
                                        </condition>
                                    </conditions>
                                    <actions>
                                        <action id="-9" name="Destroy" sid="832266914589881" type="obj_player" />
                                        <action id="-16" name="Wait" sid="128342003309769" type="System">
                                            <param id="0" name="Seconds">2.0</param>
                                        </action>
                                        <action id="-26" name="Restart layout" sid="395818914031149" type="System" />
                                    </actions>
                                </event-block>
                            </sub-events>
                        </event-group>
                        <event-group description="Barra de vida" sid="760345878638948" title="Health Bar">
                            <sub-events>
                                <comment>Altera para a vida Amarela</comment>
                                <event-block sid="352999543807895">
                                    <conditions>
                                        <condition id="-7" name="Compare instance variable" sid="122378714547712" type="obj_player_animation">
                                            <param id="0" name="Instance variable">inst_health</param>
                                            <param id="1" name="Comparison">3</param>
                                            <param id="2" name="Value">50</param>
                                        </condition>
                                    </conditions>
                                    <actions>
                                        <action id="5" name="Set frame" sid="333081051601231" type="gui_health_bar">
                                            <param id="0" name="Frame number">1</param>
                                        </action>
                                    </actions>
                                </event-block>
                                <comment>Altera para a vida Vermelha</comment>
                                <event-block sid="820740846397970">
                                    <conditions>
                                        <condition id="-7" name="Compare instance variable" sid="135796578214443" type="obj_player_animation">
                                            <param id="0" name="Instance variable">inst_health</param>
                                            <param id="1" name="Comparison">3</param>
                                            <param id="2" name="Value">25</param>
                                        </condition>
                                    </conditions>
                                    <actions>
                                        <action id="5" name="Set frame" sid="874803824634253" type="gui_health_bar">
                                            <param id="0" name="Frame number">2</param>
                                        </action>
                                    </actions>
                                </event-block>
                            </sub-events>
                        </event-group>
                        <event-group description="Quando o jogador leva dano" sid="875106003790693" title="Damage">
                            <sub-events>
                                <comment>Quando o player está sobrepondo o bug e não está piscando</comment>
                                <comment>Ele pisca e perde vida</comment>
                                <event-block sid="482910997607476">
                                    <conditions>
                                        <condition id="1" name="Is overlapping another object" sid="439659043442175" type="obj_player_animation">
                                            <param id="0" name="Object">obj_enemy_bug</param>
                                        </condition>
                                        <condition behavior="Flash" id="0" inverted="1" name="Is flashing" sid="141238715399833" type="obj_player_animation" />
                                    </conditions>
                                    <actions>
                                        <action behavior="Flash" id="0" name="Flash" sid="950268597808528" type="obj_player_animation">
                                            <param id="0" name="&apos;On&apos; time">0.1</param>
                                            <param id="1" name="&apos;Off&apos; time">0.1</param>
                                            <param id="2" name="Duration">1.0</param>
                                        </action>
                                        <action id="-12" name="Subtract from" sid="141260983218621" type="obj_player_animation">
                                            <param id="0" name="Instance variable">inst_health</param>
                                            <param id="1" name="Value">10</param>
                                        </action>
                                    </actions>
                                </event-block>
                                <comment>Quando o player está sobrepondo o bug e não está piscando</comment>
                                <comment>Ele pisca e perde vida</comment>
                                <event-block sid="272413456978683">
                                    <conditions>
                                        <condition id="1" name="Is overlapping another object" sid="981055877729295" type="obj_player_animation">
                                            <param id="0" name="Object">obj_enemy_fly</param>
                                        </condition>
                                        <condition behavior="Flash" id="0" inverted="1" name="Is flashing" sid="842612500777110" type="obj_player_animation" />
                                    </conditions>
                                    <actions>
                                        <action behavior="Flash" id="0" name="Flash" sid="292006280424286" type="obj_player_animation">
                                            <param id="0" name="&apos;On&apos; time">0.1</param>
                                            <param id="1" name="&apos;Off&apos; time">0.1</param>
                                            <param id="2" name="Duration">1.0</param>
                                        </action>
                                        <action id="-12" name="Subtract from" sid="944544702837762" type="obj_player_animation">
                                            <param id="0" name="Instance variable">inst_health</param>
                                            <param id="1" name="Value">20</param>
                                        </action>
                                    </actions>
                                </event-block>
                                <event-block sid="995574159357308">
                                    <conditions>
                                        <condition id="1" name="Is overlapping another object" sid="557110598096094" type="obj_player_animation">
                                            <param id="0" name="Object">obj_boss</param>
                                        </condition>
                                        <condition behavior="Flash" id="0" inverted="1" name="Is flashing" sid="585055809242843" type="obj_player_animation" />
                                    </conditions>
                                    <actions>
                                        <action behavior="Flash" id="0" name="Flash" sid="358591076956784" type="obj_player_animation">
                                            <param id="0" name="&apos;On&apos; time">0.1</param>
                                            <param id="1" name="&apos;Off&apos; time">0.1</param>
                                            <param id="2" name="Duration">1.0</param>
                                        </action>
                                        <action id="-12" name="Subtract from" sid="699725998246566" type="obj_player_animation">
                                            <param id="0" name="Instance variable">inst_health</param>
                                            <param id="1" name="Value">40</param>
                                        </action>
                                    </actions>
                                </event-block>
                                <comment>Quando o jogador cai em um buraco, ele morre</comment>
                                <event-block sid="208348837163366">
                                    <conditions>
                                        <condition id="-2" name="Compare Y" sid="216935316970381" type="obj_player_animation">
                                            <param id="0" name="Comparison">5</param>
                                            <param id="1" name="Y co-ordinate">LayoutHeight + 300</param>
                                        </condition>
                                    </conditions>
                                    <actions>
                                        <action id="-10" name="Set value" sid="724437788731755" type="obj_player_animation">
                                            <param id="0" name="Instance variable">inst_health</param>
                                            <param id="1" name="Value">0</param>
                                        </action>
                                    </actions>
                                </event-block>
                            </sub-events>
                        </event-group>
                    </sub-events>
                </event-group>
                <event-group description="Movimentos do jogador no teclado - Setas" sid="506716984669842" title="Arrow Movement">
                    <sub-events>
                        <comment>Movimento o personagem para a direita</comment>
                        <comment>Desespelha a animação</comment>
                        <event-block any="1" sid="140187503805622">
                            <conditions>
                                <condition id="2" name="Key is down" sid="714140160932266" type="Keyboard">
                                    <param id="0" name="Key">39</param>
                                </condition>
                                <condition id="4" name="Is touching object" sid="815132647173412" type="Touch">
                                    <param id="0" name="Object">gui_joystick_right</param>
                                </condition>
                            </conditions>
                            <actions>
                                <action behavior="Platform" id="7" name="Simulate control" sid="449493329816602" type="obj_player">
                                    <param id="0" name="Control">1</param>
                                </action>
                                <action id="7" name="Set mirrored" sid="766874386434866" type="obj_player_animation">
                                    <param id="0" name="State">1</param>
                                </action>
                            </actions>
                            <sub-events>
                                <comment>Atualiza o animador para WALK se não estiver caindo e nem pulando</comment>
                                <event-block sid="732351689326053">
                                    <conditions>
                                        <condition behavior="Platform" id="3" inverted="1" name="Is jumping" sid="751140201680039" type="obj_player" />
                                        <condition behavior="Platform" id="4" inverted="1" name="Is falling" sid="583448695872587" type="obj_player" />
                                    </conditions>
                                    <actions>
                                        <action id="-10" name="Set value" sid="347784137332256" type="obj_player_animation">
                                            <param id="0" name="Instance variable">inst_state</param>
                                            <param id="1" name="Value">&quot;WALK&quot;</param>
                                        </action>
                                    </actions>
                                </event-block>
                            </sub-events>
                        </event-block>
                        <comment>Movimento o personagem para a esquerda</comment>
                        <comment>Espelha a animação</comment>
                        <event-block any="1" sid="659581135854941">
                            <conditions>
                                <condition id="2" name="Key is down" sid="691234536087850" type="Keyboard">
                                    <param id="0" name="Key">37</param>
                                </condition>
                                <condition id="4" name="Is touching object" sid="489228242714361" type="Touch">
                                    <param id="0" name="Object">gui_joystick_left</param>
                                </condition>
                            </conditions>
                            <actions>
                                <action behavior="Platform" id="7" name="Simulate control" sid="456133850251898" type="obj_player">
                                    <param id="0" name="Control">0</param>
                                </action>
                                <action id="7" name="Set mirrored" sid="602831864900500" type="obj_player_animation">
                                    <param id="0" name="State">0</param>
                                </action>
                            </actions>
                            <sub-events>
                                <comment>Atualiza o animador para WALK se não estiver caindo e nem pulando</comment>
                                <event-block sid="905810311518998">
                                    <conditions>
                                        <condition behavior="Platform" id="3" inverted="1" name="Is jumping" sid="635615549605068" type="obj_player" />
                                        <condition behavior="Platform" id="4" inverted="1" name="Is falling" sid="638707017804306" type="obj_player" />
                                    </conditions>
                                    <actions>
                                        <action id="-10" name="Set value" sid="878843493570176" type="obj_player_animation">
                                            <param id="0" name="Instance variable">inst_state</param>
                                            <param id="1" name="Value">&quot;WALK&quot;</param>
                                        </action>
                                    </actions>
                                </event-block>
                            </sub-events>
                        </event-block>
                        <comment>faz o personagem pular</comment>
                        <event-block any="1" sid="146542620490327">
                            <conditions>
                                <condition id="2" name="Key is down" sid="339244866981289" type="Keyboard">
                                    <param id="0" name="Key">38</param>
                                </condition>
                                <condition id="4" name="Is touching object" sid="912953370488309" type="Touch">
                                    <param id="0" name="Object">gui_joystick_up</param>
                                </condition>
                            </conditions>
                            <actions>
                                <action behavior="Platform" id="7" name="Simulate control" sid="308427394705682" type="obj_player">
                                    <param id="0" name="Control">2</param>
                                </action>
                            </actions>
                        </event-block>
                    </sub-events>
                </event-group>
                <event-group description="Movimentos do jogador no teclado - A W S D" sid="798792659670391" title="Keyboard Movement">
                    <sub-events>
                        <comment>Movimento o personagem para a direita</comment>
                        <comment>Desespelha a animação</comment>
                        <event-block any="1" sid="924315804788159">
                            <conditions>
                                <condition id="2" name="Key is down" sid="900414534301874" type="Keyboard">
                                    <param id="0" name="Key">68</param>
                                </condition>
                                <condition id="4" name="Is touching object" sid="349908443183577" type="Touch">
                                    <param id="0" name="Object">gui_joystick_right</param>
                                </condition>
                            </conditions>
                            <actions>
                                <action behavior="Platform" id="7" name="Simulate control" sid="344790810201613" type="obj_player">
                                    <param id="0" name="Control">1</param>
                                </action>
                                <action id="7" name="Set mirrored" sid="704446894401838" type="obj_player_animation">
                                    <param id="0" name="State">1</param>
                                </action>
                            </actions>
                            <sub-events>
                                <comment>Atualiza o animador para WALK se não estiver caindo e nem pulando</comment>
                                <event-block sid="716908263734942">
                                    <conditions>
                                        <condition behavior="Platform" id="3" inverted="1" name="Is jumping" sid="986233237362047" type="obj_player" />
                                        <condition behavior="Platform" id="4" inverted="1" name="Is falling" sid="990245355319537" type="obj_player" />
                                    </conditions>
                                    <actions>
                                        <action id="-10" name="Set value" sid="888764434615681" type="obj_player_animation">
                                            <param id="0" name="Instance variable">inst_state</param>
                                            <param id="1" name="Value">&quot;WALK&quot;</param>
                                        </action>
                                    </actions>
                                </event-block>
                            </sub-events>
                        </event-block>
                        <comment>Movimento o personagem para a esquerda</comment>
                        <comment>Espelha a animação</comment>
                        <event-block any="1" sid="199701729863559">
                            <conditions>
                                <condition id="2" name="Key is down" sid="432041943465970" type="Keyboard">
                                    <param id="0" name="Key">65</param>
                                </condition>
                                <condition id="4" name="Is touching object" sid="468646720670470" type="Touch">
                                    <param id="0" name="Object">gui_joystick_left</param>
                                </condition>
                            </conditions>
                            <actions>
                                <action behavior="Platform" id="7" name="Simulate control" sid="133575006910581" type="obj_player">
                                    <param id="0" name="Control">0</param>
                                </action>
                                <action id="7" name="Set mirrored" sid="191801731048642" type="obj_player_animation">
                                    <param id="0" name="State">0</param>
                                </action>
                            </actions>
                            <sub-events>
                                <comment>Atualiza o animador para WALK se não estiver caindo e nem pulando</comment>
                                <event-block sid="328198861856173">
                                    <conditions>
                                        <condition behavior="Platform" id="3" inverted="1" name="Is jumping" sid="782342373534019" type="obj_player" />
                                        <condition behavior="Platform" id="4" inverted="1" name="Is falling" sid="712153763221920" type="obj_player" />
                                    </conditions>
                                    <actions>
                                        <action id="-10" name="Set value" sid="126389336693485" type="obj_player_animation">
                                            <param id="0" name="Instance variable">inst_state</param>
                                            <param id="1" name="Value">&quot;WALK&quot;</param>
                                        </action>
                                    </actions>
                                </event-block>
                            </sub-events>
                        </event-block>
                        <comment>faz o personagem pular</comment>
                        <event-block any="1" sid="327063470955466">
                            <conditions>
                                <condition id="2" name="Key is down" sid="732981473033621" type="Keyboard">
                                    <param id="0" name="Key">87</param>
                                </condition>
                                <condition id="4" name="Is touching object" sid="637229353724921" type="Touch">
                                    <param id="0" name="Object">gui_joystick_up</param>
                                </condition>
                            </conditions>
                            <actions>
                                <action behavior="Platform" id="7" name="Simulate control" sid="442392586079418" type="obj_player">
                                    <param id="0" name="Control">2</param>
                                </action>
                            </actions>
                        </event-block>
                    </sub-events>
                </event-group>
                <event-group description="Quando pula, cai ou está parado - movimentos do jogador" sid="230384378860210" title="Jump, Fall or Idle">
                    <sub-events>
                        <comment>Quando o jogador não se move, ele muda a animação para IDLE</comment>
                        <event-block sid="965596258045839">
                            <conditions>
                                <condition behavior="Platform" id="0" inverted="1" name="Is moving" sid="382442542164778" type="obj_player" />
                                <condition behavior="Platform" id="2" name="Is on floor" sid="928690929667492" type="obj_player" />
                            </conditions>
                            <actions>
                                <action id="-10" name="Set value" sid="768126881470269" type="obj_player_animation">
                                    <param id="0" name="Instance variable">inst_state</param>
                                    <param id="1" name="Value">&quot;IDLE&quot;</param>
                                </action>
                            </actions>
                        </event-block>
                        <comment>Quando o jogador está pulando, atualiza a animação para JUMP</comment>
                        <event-block sid="842071931979435">
                            <conditions>
                                <condition behavior="Platform" id="3" name="Is jumping" sid="527485452921753" type="obj_player" />
                            </conditions>
                            <actions>
                                <action id="-10" name="Set value" sid="653491328673606" type="obj_player_animation">
                                    <param id="0" name="Instance variable">inst_state</param>
                                    <param id="1" name="Value">&quot;JUMP&quot;</param>
                                </action>
                            </actions>
                        </event-block>
                        <comment>Quando o jogador está pulando, atualiza a animação para FALL</comment>
                        <event-block sid="487279212059104">
                            <conditions>
                                <condition behavior="Platform" id="4" name="Is falling" sid="321646556418220" type="obj_player" />
                            </conditions>
                            <actions>
                                <action id="-10" name="Set value" sid="433840294504527" type="obj_player_animation">
                                    <param id="0" name="Instance variable">inst_state</param>
                                    <param id="1" name="Value">&quot;FALL&quot;</param>
                                </action>
                            </actions>
                        </event-block>
                    </sub-events>
                </event-group>
                <event-group description="Quando o jogador atira" sid="808618319116948" title="Shoot">
                    <sub-events>
                        <comment>Se puder atirar, desliga a possibilidade de tiro</comment>
                        <comment>Faz nascer um projétil</comment>
                        <comment>Esperar var_fire_rate segundos</comment>
                        <comment>Recarrega</comment>
                        <event-block sid="882930715767931">
                            <conditions>
                                <condition id="-8" name="Is boolean instance variable set" sid="473973682272588" type="obj_player_animation">
                                    <param id="0" name="Instance variable">can_shoot</param>
                                </condition>
                            </conditions>
                            <actions />
                            <sub-events>
                                <event-block any="1" sid="568546776295830">
                                    <conditions>
                                        <condition id="0" name="On key pressed" sid="129779396706350" type="Keyboard">
                                            <param id="0" name="Key">76</param>
                                        </condition>
                                        <condition id="4" name="Is touching object" sid="236797138946489" type="Touch">
                                            <param id="0" name="Object">gui_joystick_fire</param>
                                        </condition>
                                    </conditions>
                                    <actions>
                                        <action id="-13" name="Set boolean" sid="175443999169016" type="obj_player_animation">
                                            <param id="0" name="Instance variable">can_shoot</param>
                                            <param id="1" name="Value">0</param>
                                        </action>
                                        <action id="0" name="Spawn another object" sid="480783569748558" type="obj_player_animation">
                                            <param id="0" name="Object">obj_bullet</param>
                                            <param id="1" name="Layer">&quot;Entities&quot;</param>
                                            <param id="2" name="Image point">1</param>
                                        </action>
                                        <action id="-16" name="Wait" sid="181077540367691" type="System">
                                            <param id="0" name="Seconds">var_fire_rate</param>
                                        </action>
                                        <action id="-13" name="Set boolean" sid="271464511189662" type="obj_player_animation">
                                            <param id="0" name="Instance variable">can_shoot</param>
                                            <param id="1" name="Value">1</param>
                                        </action>
                                    </actions>
                                </event-block>
                            </sub-events>
                        </event-block>
                        <comment>Animação quando atira sem se mover</comment>
                        <event-block sid="297459044873753">
                            <conditions>
                                <condition id="-8" inverted="1" name="Is boolean instance variable set" sid="530656689883790" type="obj_player_animation">
                                    <param id="0" name="Instance variable">can_shoot</param>
                                </condition>
                                <condition behavior="Platform" id="0" inverted="1" name="Is moving" sid="855368533096436" type="obj_player" />
                            </conditions>
                            <actions>
                                <action id="-10" name="Set value" sid="903448362178523" type="obj_player_animation">
                                    <param id="0" name="Instance variable">inst_state</param>
                                    <param id="1" name="Value">&quot;SHOOT&quot;</param>
                                </action>
                            </actions>
                        </event-block>
                        <comment>Animação quando atira se movendo</comment>
                        <event-block sid="699302579069056">
                            <conditions>
                                <condition id="-8" inverted="1" name="Is boolean instance variable set" sid="498114619032524" type="obj_player_animation">
                                    <param id="0" name="Instance variable">can_shoot</param>
                                </condition>
                                <condition behavior="Platform" id="0" name="Is moving" sid="528445418711254" type="obj_player" />
                            </conditions>
                            <actions>
                                <action id="-10" name="Set value" sid="217306587179837" type="obj_player_animation">
                                    <param id="0" name="Instance variable">inst_state</param>
                                    <param id="1" name="Value">&quot;RUN_SHOOT&quot;</param>
                                </action>
                            </actions>
                        </event-block>
                        <comment>Espelha o tiro se o personagem estiver espelhado</comment>
                        <event-block sid="214596555287690">
                            <conditions>
                                <condition id="-18" name="On created" sid="959779767689744" type="obj_bullet" />
                            </conditions>
                            <actions />
                            <sub-events>
                                <event-block sid="369259552015502">
                                    <conditions>
                                        <condition id="7" name="Is mirrored" sid="790570505442954" type="obj_player_animation" />
                                    </conditions>
                                    <actions>
                                        <action id="-8" name="Set angle" sid="740646985395110" type="obj_bullet">
                                            <param id="0" name="Angle">180</param>
                                        </action>
                                    </actions>
                                </event-block>
                            </sub-events>
                        </event-block>
                    </sub-events>
                </event-group>
            </sub-events>
        </event-group>
        <event-group description="Ações do projétil" sid="141659905902044" title="Bullet">
            <sub-events>
                <event-group description="" sid="217231555832054" title="Collision">
                    <sub-events>
                        <comment>Quando colide com a parede, perde a vida</comment>
                        <event-block sid="295625753629259">
                            <conditions>
                                <condition id="0" name="On collision with another object" sid="456691330269326" type="obj_bullet">
                                    <param id="0" name="Object">obj_colision</param>
                                </condition>
                            </conditions>
                            <actions>
                                <action id="-10" name="Set value" sid="608753545444246" type="obj_bullet">
                                    <param id="0" name="Instance variable">life</param>
                                    <param id="1" name="Value">0</param>
                                </action>
                            </actions>
                            <sub-events>
                                <event-block sid="223155513320489">
                                    <conditions />
                                    <actions />
                                </event-block>
                            </sub-events>
                        </event-block>
                        <comment>Quando acerta a caixa para switch</comment>
                        <event-block sid="333233870995256">
                            <conditions>
                                <condition id="0" name="On collision with another object" sid="901195985329209" type="obj_bullet">
                                    <param id="0" name="Object">obj_box</param>
                                </condition>
                                <condition id="-33" name="Pick by comparison" sid="864542645981805" type="System">
                                    <param id="0" name="Object">obj_switch</param>
                                    <param id="1" name="Expression">obj_switch.switch_id</param>
                                    <param id="2" name="Comparison">0</param>
                                    <param id="3" name="Value">obj_box.box_id</param>
                                </condition>
                            </conditions>
                            <actions>
                                <action id="-10" name="Set value" sid="309845860309190" type="obj_bullet">
                                    <param id="0" name="Instance variable">life</param>
                                    <param id="1" name="Value">0</param>
                                </action>
                                <action id="5" name="Set frame" sid="311508684135318" type="obj_switch">
                                    <param id="0" name="Frame number">1</param>
                                </action>
                                <action id="-11" name="Subtract from" sid="868218013345802" type="System">
                                    <param id="0" name="Variable">var_switches</param>
                                    <param id="1" name="Value">1</param>
                                </action>
                            </actions>
                        </event-block>
                        <comment>Quando colide com o bug, exibeu m feedback de dadno e destrói o bug</comment>
                        <event-block sid="448260596665740">
                            <conditions>
                                <condition id="0" name="On collision with another object" sid="938587187317055" type="obj_bullet">
                                    <param id="0" name="Object">obj_enemy_bug</param>
                                </condition>
                            </conditions>
                            <actions>
                                <action id="-10" name="Set value" sid="773548384562881" type="obj_bullet">
                                    <param id="0" name="Instance variable">life</param>
                                    <param id="1" name="Value">0</param>
                                </action>
                                <action behavior="Flash" id="0" name="Flash" sid="466683770188572" type="obj_enemy_bug">
                                    <param id="0" name="&apos;On&apos; time">0.1</param>
                                    <param id="1" name="&apos;Off&apos; time">0.1</param>
                                    <param id="2" name="Duration">0.5</param>
                                </action>
                                <action id="-9" name="Destroy" sid="960581379144046" type="obj_enemy_bug" />
                            </actions>
                        </event-block>
                        <comment>Quando colide com a fly, tira a vida da fly</comment>
                        <comment>Exibe um feedback de dano</comment>
                        <event-block sid="250719328474703">
                            <conditions>
                                <condition id="0" name="On collision with another object" sid="833561419695455" type="obj_bullet">
                                    <param id="0" name="Object">obj_enemy_fly</param>
                                </condition>
                            </conditions>
                            <actions>
                                <action id="-10" name="Set value" sid="338290173976185" type="obj_bullet">
                                    <param id="0" name="Instance variable">life</param>
                                    <param id="1" name="Value">0</param>
                                </action>
                                <action behavior="Flash" id="0" name="Flash" sid="143512234081954" type="obj_enemy_fly">
                                    <param id="0" name="&apos;On&apos; time">0.1</param>
                                    <param id="1" name="&apos;Off&apos; time">0.1</param>
                                    <param id="2" name="Duration">0.5</param>
                                </action>
                                <action id="-12" name="Subtract from" sid="534501022326736" type="obj_enemy_fly">
                                    <param id="0" name="Instance variable">fly_life</param>
                                    <param id="1" name="Value">50</param>
                                </action>
                            </actions>
                        </event-block>
                        <comment>Quando colide com o boss, tira a vida do boss</comment>
                        <comment>Exibe um feedback de dano</comment>
                        <event-block sid="947725989740047">
                            <conditions>
                                <condition id="0" name="On collision with another object" sid="801579841617671" type="obj_bullet">
                                    <param id="0" name="Object">obj_boss</param>
                                </condition>
                            </conditions>
                            <actions>
                                <action id="-10" name="Set value" sid="734372844279981" type="obj_bullet">
                                    <param id="0" name="Instance variable">life</param>
                                    <param id="1" name="Value">0</param>
                                </action>
                                <action behavior="Flash" id="0" name="Flash" sid="481630299322569" type="obj_boss">
                                    <param id="0" name="&apos;On&apos; time">0.1</param>
                                    <param id="1" name="&apos;Off&apos; time">0.1</param>
                                    <param id="2" name="Duration">0.5</param>
                                </action>
                                <action id="-12" name="Subtract from" sid="434815447990110" type="obj_boss">
                                    <param id="0" name="Instance variable">boss_life</param>
                                    <param id="1" name="Value">10</param>
                                </action>
                            </actions>
                        </event-block>
                    </sub-events>
                </event-group>
                <comment>Quando não tem vida, toca a animação MUZZLE</comment>
                <comment>Perde a velocidade</comment>
                <event-block sid="665873511803701">
                    <conditions>
                        <condition id="-7" name="Compare instance variable" sid="843546122218924" type="obj_bullet">
                            <param id="0" name="Instance variable">life</param>
                            <param id="1" name="Comparison">0</param>
                            <param id="2" name="Value">0</param>
                        </condition>
                    </conditions>
                    <actions>
                        <action id="4" name="Set animation" sid="953129713289842" type="obj_bullet">
                            <param id="0" name="Animation">&quot;ID_MUZZLE&quot;</param>
                            <param id="1" name="From">1</param>
                        </action>
                        <action behavior="Bullet" id="0" name="Set speed" sid="689812836485780" type="obj_bullet">
                            <param id="0" name="Speed">0</param>
                        </action>
                    </actions>
                </event-block>
                <comment>Ao terminar a animação, destrói a bala</comment>
                <event-block sid="814949829291942">
                    <conditions>
                        <condition id="4" name="On finished" sid="439485924299048" type="obj_bullet">
                            <param id="0" name="Animation">&quot;ID_MUZZLE&quot;</param>
                        </condition>
                    </conditions>
                    <actions>
                        <action id="-9" name="Destroy" sid="812979100841653" type="obj_bullet" />
                    </actions>
                </event-block>
            </sub-events>
        </event-group>
        <event-group description="Ações dos inimigos" sid="971804234527750" title="Enemies">
            <sub-events>
                <event-group description="Abelha" sid="776976107741354" title="Boss">
                    <sub-events>
                        <comment>Se o boss estiver sem vida, destrói ela</comment>
                        <event-block sid="191476581293604">
                            <conditions>
                                <condition id="-7" name="Compare instance variable" sid="766830386503765" type="obj_boss">
                                    <param id="0" name="Instance variable">boss_life</param>
                                    <param id="1" name="Comparison">3</param>
                                    <param id="2" name="Value">0</param>
                                </condition>
                            </conditions>
                            <actions>
                                <action id="-9" name="Destroy" sid="766735401434049" type="obj_boss" />
                            </actions>
                        </event-block>
                    </sub-events>
                </event-group>
                <event-group description="Ácido do chão" sid="781258736051512" title="Acid">
                    <sub-events>
                        <comment>Quando o jogador cai no ácido, muda a cama dele para ele ficar atrás do ácido</comment>
                        <event-block sid="380925839628465">
                            <conditions>
                                <condition id="0" name="On collision with another object" sid="296860820739938" type="obj_player_animation">
                                    <param id="0" name="Object">tbg_acid_top</param>
                                </condition>
                            </conditions>
                            <actions>
                                <action id="-26" name="Move to layer" sid="187167305917311" type="obj_player_animation">
                                    <param id="0" name="Layer">&quot;Background&quot;</param>
                                </action>
                                <action id="-25" name="Move to bottom" sid="351460093948872" type="obj_player_animation" />
                                <action id="-25" name="Move to bottom" sid="930511832626255" type="tbg_box" />
                            </actions>
                        </event-block>
                    </sub-events>
                </event-group>
                <event-group description="Inseto vermelho" sid="203660475311779" title="Bug">
                    <sub-events>
                        <comment>Se o bug estiver sem vida, destrói ele</comment>
                        <event-block sid="774167172641701">
                            <conditions>
                                <condition id="-7" name="Compare instance variable" sid="920693084034820" type="obj_enemy_bug">
                                    <param id="0" name="Instance variable">bug_life</param>
                                    <param id="1" name="Comparison">3</param>
                                    <param id="2" name="Value">0</param>
                                </condition>
                            </conditions>
                            <actions>
                                <action id="-9" name="Destroy" sid="700964507658674" type="obj_enemy_bug" />
                            </actions>
                        </event-block>
                    </sub-events>
                </event-group>
                <event-group description="Mosca" sid="580933904064327" title="Fly">
                    <sub-events>
                        <comment>Se a fly estiver sem vida, destrói ela</comment>
                        <event-block sid="723024486687993">
                            <conditions>
                                <condition id="-7" name="Compare instance variable" sid="867549872470566" type="obj_enemy_fly">
                                    <param id="0" name="Instance variable">fly_life</param>
                                    <param id="1" name="Comparison">3</param>
                                    <param id="2" name="Value">0</param>
                                </condition>
                            </conditions>
                            <actions>
                                <action id="-9" name="Destroy" sid="927403776416309" type="obj_enemy_fly" />
                            </actions>
                        </event-block>
                    </sub-events>
                </event-group>
            </sub-events>
        </event-group>
        <event-group description="" sid="219332400287062" title="Switch">
            <sub-events>
                <comment>Quando não tem mais alavancas, abre a porta</comment>
                <event-block sid="920437524091656">
                    <conditions>
                        <condition id="-8" name="Compare two values" sid="972577445030849" type="System">
                            <param id="0" name="First value">var_switches</param>
                            <param id="1" name="Comparison">0</param>
                            <param id="2" name="Second value">0</param>
                        </condition>
                    </conditions>
                    <actions>
                        <action id="5" name="Set frame" sid="830912347868794" type="obj_door">
                            <param id="0" name="Frame number">1</param>
                        </action>
                    </actions>
                </event-block>
            </sub-events>
        </event-group>
    </events>
</c2eventsheet>
